{"x": [241.30064516129033, 292.83096774193547, 380.0361290322581, 419.67483870967743, 439.49419354838705, 463.27741935483874, 479.1329032258064, 487.0606451612903, 498.9522580645161, 506.87999999999994, 522.7354838709678, 538.5909677419354, 550.4825806451613, 578.2296774193549, 602.0129032258064, 617.8683870967741, 629.76, 641.6516129032259, 649.5793548387096, 649.5793548387096, 649.5793548387096, 657.5070967741935, 665.4348387096775, 689.2180645161291, 709.0374193548387, 744.7122580645162, 768.4954838709677, 800.2064516129033, 820.0258064516129, 835.8812903225805, 839.8451612903225, 839.8451612903225, 839.8451612903225, 839.8451612903225, 847.7729032258064, 867.592258064516, 899.3032258064516, 923.0864516129031, 962.7251612903226, 978.5806451612902, 1002.3638709677418, 1026.1470967741934, 1042.0025806451613, 1045.9664516129033, 1042.0025806451613, 1026.1470967741934, 1014.2554838709677, 1010.2916129032258, 1010.2916129032258, 1026.1470967741934, 1061.821935483871, 1085.6051612903225, 1101.4606451612904, 1101.4606451612904, 1105.424516129032, 1113.352258064516, 1121.28, 1133.1716129032257, 1145.0632258064516, 1160.9187096774192, 1192.6296774193547, 1220.3767741935483, 1232.2683870967742, 1256.0516129032258, 1291.7264516129032, 1335.3290322580644, 1374.967741935484, 1418.570322580645, 1478.0283870967742, 1501.8116129032258, 1517.6670967741934, 1537.4864516129032, 1573.1612903225805, 1612.8, 1640.5470967741935, 1680.1858064516127, 1735.6799999999998, 1771.3548387096773, 1807.0296774193546, 1814.9574193548385], "y": [115.01298701298703, 134.64935064935065, 151.4805194805195, 159.8961038961039, 165.50649350649354, 176.72727272727275, 185.14285714285717, 199.16883116883116, 213.1948051948052, 227.2207792207792, 235.63636363636363, 246.8571428571429, 255.2727272727273, 258.0779220779221, 263.6883116883117, 269.2987012987013, 277.7142857142857, 288.93506493506493, 302.961038961039, 333.8181818181818, 356.2597402597403, 373.09090909090907, 384.31168831168833, 395.5324675324676, 395.5324675324676, 395.5324675324676, 395.5324675324676, 401.14285714285717, 412.36363636363643, 437.61038961038963, 457.24675324675326, 485.29870129870136, 502.1298701298702, 521.7662337662339, 538.5974025974026, 555.4285714285716, 566.6493506493507, 572.2597402597403, 577.8701298701299, 577.8701298701299, 586.2857142857142, 605.922077922078, 619.9480519480519, 648.0, 690.077922077922, 720.9350649350649, 740.5714285714287, 763.012987012987, 782.6493506493507, 807.896103896104, 824.7272727272727, 833.1428571428571, 838.7532467532467, 844.3636363636365, 852.7792207792209, 892.0519480519481, 914.4935064935066, 934.1298701298701, 950.9610389610391, 964.987012987013, 979.0129870129872, 987.4285714285716, 987.4285714285716, 984.6233766233768, 984.6233766233768, 984.6233766233768, 987.4285714285716, 998.6493506493507, 1021.0909090909092, 1032.3116883116884, 1035.1168831168832, 1035.1168831168832, 1021.0909090909092, 1007.0649350649351, 998.6493506493507, 995.8441558441559, 1001.4545454545455, 1018.2857142857144, 1040.7272727272727, 1040.7272727272727], "T": [1705313641.8211932, 1705313641.8741925, 1705313641.9277296, 1705313641.987725, 1705313642.04211, 1705313642.0976317, 1705313642.1505678, 1705313642.2029467, 1705313642.2569873, 1705313642.3093405, 1705313642.3629837, 1705313642.417403, 1705313642.4716835, 1705313642.5238667, 1705313642.58687, 1705313642.642832, 1705313642.696875, 1705313642.751989, 1705313642.8045423, 1705313642.8606336, 1705313642.9147387, 1705313642.9707198, 1705313643.0250704, 1705313643.080928, 1705313643.1352363, 1705313643.208373, 1705313643.2666013, 1705313643.322388, 1705313643.379785, 1705313643.4408033, 1705313643.4967136, 1705313643.5520954, 1705313643.6078985, 1705313643.664686, 1705313643.7223082, 1705313643.7842565, 1705313643.8429215, 1705313643.902743, 1705313643.9637518, 1705313644.0225332, 1705313644.0812275, 1705313644.1430678, 1705313644.2034738, 1705313644.262638, 1705313644.3260813, 1705313644.3877077, 1705313644.4526691, 1705313644.5117238, 1705313644.5736463, 1705313644.633068, 1705313644.6940084, 1705313644.753212, 1705313644.8144915, 1705313644.8774586, 1705313644.952512, 1705313645.016295, 1705313645.076895, 1705313645.1400528, 1705313645.2030945, 1705313645.2647495, 1705313645.3273358, 1705313645.3898673, 1705313645.452413, 1705313645.5154028, 1705313645.5791934, 1705313645.6436343, 1705313645.7061121, 1705313645.7701015, 1705313645.8323822, 1705313645.898418, 1705313645.9624176, 1705313646.0260248, 1705313646.0904548, 1705313646.15406, 1705313646.2177594, 1705313646.2841501, 1705313646.3492157, 1705313646.4175534, 1705313646.4850721, 1705313646.6094756]}