{"x": [289.8580645161291, 314.6322580645162, 364.18064516129033, 433.5483870967742, 483.09677419354836, 512.8258064516128, 537.6000000000001, 602.0129032258064, 646.6064516129034, 661.4709677419355, 730.8387096774193, 735.7935483870967, 810.116129032258, 824.9806451612903, 834.890322580645, 924.0774193548386, 933.9870967741936, 993.4451612903226, 1028.1290322580644, 1042.9935483870968, 1072.7225806451613, 1152.0, 1166.8645161290322, 1221.3677419354838, 1246.141935483871, 1295.6903225806452, 1340.283870967742, 1370.0129032258064, 1474.0645161290322, 1523.6129032258066, 1543.4322580645162, 1563.2516129032258, 1568.2064516129033, 1588.0258064516129, 1647.483870967742], "y": [189.35064935064938, 203.37662337662343, 213.89610389610394, 213.89610389610394, 262.98701298701303, 312.07792207792215, 305.06493506493507, 343.6363636363636, 378.7012987012988, 385.7142857142858, 476.88311688311694, 476.88311688311694, 550.5194805194806, 554.025974025974, 554.025974025974, 603.1168831168832, 603.1168831168832, 634.6753246753248, 655.7142857142858, 655.7142857142858, 666.2337662337663, 701.2987012987014, 704.8051948051949, 722.3376623376624, 694.2857142857143, 736.3636363636365, 764.4155844155845, 774.935064935065, 817.0129870129871, 824.025974025974, 806.4935064935066, 848.5714285714287, 848.5714285714287, 880.1298701298701, 957.2727272727273], "T": [1705377490.8447616, 1705377490.9150581, 1705377490.9950738, 1705377491.0641847, 1705377491.1202419, 1705377491.2128701, 1705377491.264863, 1705377491.3203254, 1705377491.3854203, 1705377491.4543, 1705377491.528686, 1705377491.5960157, 1705377491.6660461, 1705377491.7262874, 1705377491.7963433, 1705377491.8560433, 1705377491.929058, 1705377491.98582, 1705377492.0451622, 1705377492.095749, 1705377492.1542916, 1705377492.2048702, 1705377492.2551491, 1705377492.3090637, 1705377492.3640864, 1705377492.414997, 1705377492.4669404, 1705377492.5450118, 1705377492.6258607, 1705377492.679172, 1705377492.7563455, 1705377492.8134723, 1705377492.8940418, 1705377492.9461434, 1705377493.0017176]}